ID Empleado,Nombre Completo,DNI/NIE,Teléfono,Email,Categoría,Contrato,Fecha Alta,Fecha Baja,Centro Coste,Zona Asignada,Turno Habitual,Horas Semanales,Salario Base,Plus Turnicidad,Plus Nocturnidad,Plus Peligrosidad,Estado,Observaciones,Foto URL
EMP001,Sara Fernández,5614226H,632181960,sara.fernández@empresa.limpieza.es,Encargado,Indefinido,2024-03-23,,CC5,Zona Norte,Rotativo,25,1400,0,0,0,Activo,Disponible los fines de semana,https://empresa.limpieza.es/fotos/empleados/EMP001.jpg
EMP002,María Torres,8090293K,642351161,maría.torres@empresa.limpieza.es,Peón,Parcial,2026-05-21,,CC1,Zona Industrial,Partido,40,900,0,0,0,Suspendido,Especialista en cristalería,https://empresa.limpieza.es/fotos/empleados/EMP002.jpg
EMP003,Isabel Gil,5918715U,695931034,isabel.gil@empresa.limpieza.es,Encargado,Temporal,2023-07-26,,CC4,Zona Industrial,Noche,25,1300,95,93,0,Activo,En período de prueba,https://empresa.limpieza.es/fotos/empleados/EMP003.jpg
EMP004,Marta Vázquez,5107245F,676483503,marta.vázquez@empresa.limpieza.es,Encargado,Parcial,2025-04-01,,CC2,Zona Centro,Noche,25,1500,100,109,0,Activo,Disponible para turnos nocturnos,https://empresa.limpieza.es/fotos/empleados/EMP004.jpg
EMP005,Carmen Serrano,5408072X,696965328,carmen.serrano@empresa.limpieza.es,Especialista,Indefinido,2023-04-07,,CC2,Zona Industrial,Tarde,35,900,99,0,54,Activo,Disponible para viajes,https://empresa.limpieza.es/fotos/empleados/EMP005.jpg
EMP006,Javier Méndez,1192619V,618451462,javier.méndez@empresa.limpieza.es,Especialista,Indefinido,2024-06-23,,CC2,Zona Centro,Mañana,30,1100,0,0,39,Activo,Disponible para turnos nocturnos,https://empresa.limpieza.es/fotos/empleados/EMP006.jpg
EMP007,Rocío Domínguez,1009594T,657015430,rocío.domínguez@empresa.limpieza.es,Oficial,Prácticas,2023-06-11,2026-03-02,CC1,Zona Centro,Tarde,25,1500,120,0,0,Activo,Especialista en cristalería,https://empresa.limpieza.es/fotos/empleados/EMP007.jpg
EMP008,Natalia Ramos,4374754W,646578713,natalia.ramos@empresa.limpieza.es,Oficial,Indefinido,2024-11-23,2026-06-13,CC2,Zona Centro,Tarde,20,900,140,0,0,Activo,Requiere certificación de altura,https://empresa.limpieza.es/fotos/empleados/EMP008.jpg
EMP009,Laura López,6543670C,683473829,laura.lópez@empresa.limpieza.es,Especialista,Temporal,2025-08-26,,CC2,Zona Norte,Mañana,35,1300,0,0,57,Activo,,https://empresa.limpieza.es/fotos/empleados/EMP009.jpg
EMP010,Patricia Pérez,7754864X,651333872,patricia.pérez@empresa.limpieza.es,Especialista,Temporal,2024-07-24,,CC1,Zona Oeste,Rotativo,20,800,0,0,71,Suspendido,,https://empresa.limpieza.es/fotos/empleados/EMP010.jpg
EMP011,Antonio Rubio,3790237N,677360260,antonio.rubio@empresa.limpieza.es,Especialista,Parcial,2025-07-20,,CC5,Zona Industrial,Partido,25,1100,0,0,48,Activo,,https://empresa.limpieza.es/fotos/empleados/EMP011.jpg
EMP012,Rocío Pérez,6261415B,609788208,rocío.pérez@empresa.limpieza.es,Encargado,Temporal,2023-05-21,,CC2,Zona Oeste,Mañana,40,1100,0,0,0,Activo,,https://empresa.limpieza.es/fotos/empleados/EMP012.jpg
EMP013,Isabel Pérez,9770838K,643534624,isabel.pérez@empresa.limpieza.es,Especialista,Parcial,2023-05-29,2026-11-21,CC5,Zona Norte,Mañana,40,1100,0,0,62,Activo,Experiencia en hospitales,https://empresa.limpieza.es/fotos/empleados/EMP013.jpg
EMP014,Laura Soto,7199635J,627849808,laura.soto@empresa.limpieza.es,Peón,Indefinido,2023-10-03,,CC1,Zona Industrial,Rotativo,25,1200,0,0,0,Activo,Requiere certificación de altura,https://empresa.limpieza.es/fotos/empleados/EMP014.jpg
EMP015,Mateo Iglesias,5428914Q,674016400,mateo.iglesias@empresa.limpieza.es,Peón,Temporal,2026-07-28,,CC2,Zona Industrial,Partido,40,1400,0,0,0,Activo,En período de prueba,https://empresa.limpieza.es/fotos/empleados/EMP015.jpg
EMP016,Jorge Iglesias,3500715R,605982620,jorge.iglesias@empresa.limpieza.es,Peón,Parcial,2023-03-23,,CC2,Zona Industrial,Tarde,20,1300,149,0,0,Activo,Especialista en cristalería,https://empresa.limpieza.es/fotos/empleados/EMP016.jpg
EMP017,Claudia Rubio,3726327Z,626025634,claudia.rubio@empresa.limpieza.es,Oficial,Indefinido,2025-02-22,,CC4,Zona Sur,Tarde,35,1300,89,0,0,Vacaciones,Requiere certificación de altura,https://empresa.limpieza.es/fotos/empleados/EMP017.jpg
EMP018,Gabriel Fernández,4240180M,654145868,gabriel.fernández@empresa.limpieza.es,Peón,Indefinido,2023-08-25,,CC3,Zona Sur,Rotativo,30,800,0,0,0,Activo,Especialista en cristalería,https://empresa.limpieza.es/fotos/empleados/EMP018.jpg
EMP019,Lucía Cortés,8321474T,681693406,lucía.cortés@empresa.limpieza.es,Encargado,Prácticas,2026-01-07,,CC2,Zona Este,Partido,20,1300,0,0,0,Activo,En período de prueba,https://empresa.limpieza.es/fotos/empleados/EMP019.jpg
EMP020,Víctor Gutiérrez,6188935V,665648236,víctor.gutiérrez@empresa.limpieza.es,Especialista,Temporal,2026-06-14,,CC4,Zona Centro,Mañana,30,1200,0,0,43,Activo,Experiencia en hospitales,https://empresa.limpieza.es/fotos/empleados/EMP020.jpg
EMP021,Óscar Jiménez,8418210V,638721489,óscar.jiménez@empresa.limpieza.es,Peón,Indefinido,2024-04-26,,CC2,Zona Sur,Tarde,20,800,81,0,0,Suspendido,En período de prueba,https://empresa.limpieza.es/fotos/empleados/EMP021.jpg
EMP022,Carmen Pérez,4262081W,667632016,carmen.pérez@empresa.limpieza.es,Oficial,Temporal,2025-11-26,,CC5,Zona Sur,Mañana,35,1000,0,0,0,Vacaciones,Experiencia en hospitales,https://empresa.limpieza.es/fotos/empleados/EMP022.jpg
EMP023,Andrea Méndez,9468772N,687277434,andrea.méndez@empresa.limpieza.es,Especialista,Temporal,2024-07-16,,CC3,Zona Sur,Noche,30,1300,119,85,38,Activo,Especialista en cristalería,https://empresa.limpieza.es/fotos/empleados/EMP023.jpg
EMP024,Claudia Cabrera,4589533C,666587603,claudia.cabrera@empresa.limpieza.es,Especialista,Fijo Discontinuo,2026-04-11,,CC1,Zona Centro,Partido,35,800,0,0,90,Activo,Especialista en cristalería,https://empresa.limpieza.es/fotos/empleados/EMP024.jpg
EMP025,Sergio Vázquez,4700025P,634670656,sergio.vázquez@empresa.limpieza.es,Oficial,Fijo Discontinuo,2023-09-19,,CC5,Zona Norte,Partido,40,800,0,0,0,Activo,Especialista en cristalería,https://empresa.limpieza.es/fotos/empleados/EMP025.jpg
EMP026,Rosa Díaz,4048907B,646537556,rosa.díaz@empresa.limpieza.es,Peón,Fijo Discontinuo,2024-05-31,,CC4,Zona Norte,Rotativo,20,1300,0,0,0,Activo,En período de prueba,https://empresa.limpieza.es/fotos/empleados/EMP026.jpg
EMP027,David Fernández,5148725G,609232719,david.fernández@empresa.limpieza.es,Oficial,Fijo Discontinuo,2024-06-08,,CC2,Zona Centro,Rotativo,20,1000,0,0,0,Suspendido,En período de prueba,https://empresa.limpieza.es/fotos/empleados/EMP027.jpg
EMP028,Carlos Benítez,7296605M,631931491,carlos.benítez@empresa.limpieza.es,Encargado,Parcial,2025-12-27,,CC3,Zona Norte,Rotativo,30,800,0,0,0,Vacaciones,Disponible para viajes,https://empresa.limpieza.es/fotos/empleados/EMP028.jpg
EMP029,Francisco Martín,7076506U,672628498,francisco.martín@empresa.limpieza.es,Especialista,Fijo Discontinuo,2025-06-11,,CC5,Zona Este,Noche,25,900,85,108,45,IT,Especialista en cristalería,https://empresa.limpieza.es/fotos/empleados/EMP029.jpg
EMP030,Mateo Fernández,9293086K,627354549,mateo.fernández@empresa.limpieza.es,Peón,Prácticas,2023-01-21,,CC2,Zona Norte,Tarde,35,1500,121,0,0,IT,Disponible para viajes,https://empresa.limpieza.es/fotos/empleados/EMP030.jpg
EMP031,Marta Ruiz,1289293C,643634957,marta.ruiz@empresa.limpieza.es,Peón,Fijo Discontinuo,2026-02-01,,CC4,Zona Este,Noche,30,1100,65,92,0,Activo,Disponible para turnos nocturnos,https://empresa.limpieza.es/fotos/empleados/EMP031.jpg
EMP032,Luis Cano,9123504I,698941343,luis.cano@empresa.limpieza.es,Peón,Temporal,2024-09-11,2026-03-11,CC2,Zona Este,Mañana,20,1200,0,0,0,Activo,Disponible para turnos nocturnos,https://empresa.limpieza.es/fotos/empleados/EMP032.jpg
EMP033,Marta Díaz,1205779S,647775204,marta.díaz@empresa.limpieza.es,Especialista,Indefinido,2023-05-14,,CC1,Zona Centro,Mañana,25,1000,0,0,81,Activo,Disponible los fines de semana,https://empresa.limpieza.es/fotos/empleados/EMP033.jpg
EMP034,Isabel Soto,2987287R,669993867,isabel.soto@empresa.limpieza.es,Especialista,Parcial,2026-04-20,,CC3,Zona Centro,Rotativo,20,900,0,0,90,IT,Requiere certificación de altura,https://empresa.limpieza.es/fotos/empleados/EMP034.jpg
EMP035,Silvia Reyes,2362099F,632812067,silvia.reyes@empresa.limpieza.es,Especialista,Parcial,2023-03-08,,CC3,Zona Industrial,Partido,20,1100,0,0,89,Activo,Requiere certificación de altura,https://empresa.limpieza.es/fotos/empleados/EMP035.jpg
EMP036,Natalia Moreno,4771676U,624210249,natalia.moreno@empresa.limpieza.es,Peón,Fijo Discontinuo,2023-09-12,,CC3,Zona Industrial,Partido,30,1500,0,0,0,Activo,,https://empresa.limpieza.es/fotos/empleados/EMP036.jpg
EMP037,Gabriel Medina,5200476A,613990490,gabriel.medina@empresa.limpieza.es,Oficial,Fijo Discontinuo,2025-11-28,,CC3,Zona Sur,Rotativo,35,1500,0,0,0,Suspendido,Disponible para viajes,https://empresa.limpieza.es/fotos/empleados/EMP037.jpg
EMP038,Lucía Sánchez,6591986K,612567468,lucía.sánchez@empresa.limpieza.es,Encargado,Fijo Discontinuo,2023-06-30,,CC3,Zona Norte,Partido,40,800,0,0,0,Activo,Disponible para viajes,https://empresa.limpieza.es/fotos/empleados/EMP038.jpg
EMP039,Victoria Sánchez,4147112Q,659770348,victoria.sánchez@empresa.limpieza.es,Oficial,Parcial,2025-06-16,,CC4,Zona Norte,Mañana,40,1100,0,0,0,Baja,Disponible los fines de semana,https://empresa.limpieza.es/fotos/empleados/EMP039.jpg
EMP040,Mateo Rodríguez,7844947C,631712748,mateo.rodríguez@empresa.limpieza.es,Peón,Fijo Discontinuo,2025-09-15,,CC2,Zona Oeste,Rotativo,25,1400,0,0,0,Activo,Disponible para turnos nocturnos,https://empresa.limpieza.es/fotos/empleados/EMP040.jpg
EMP041,Laura Delgado,7961578K,684044997,laura.delgado@empresa.limpieza.es,Oficial,Fijo Discontinuo,2026-01-08,,CC3,Zona Centro,Rotativo,35,1500,0,0,0,Suspendido,Requiere certificación de altura,https://empresa.limpieza.es/fotos/empleados/EMP041.jpg
EMP042,Raúl Cano,7425184H,660576627,raúl.cano@empresa.limpieza.es,Encargado,Temporal,2025-10-25,,CC3,Zona Norte,Partido,20,1500,0,0,0,Activo,Disponible para turnos nocturnos,https://empresa.limpieza.es/fotos/empleados/EMP042.jpg
EMP043,Victoria Cruz,3589751C,674596158,victoria.cruz@empresa.limpieza.es,Especialista,Parcial,2026-07-07,,CC4,Zona Centro,Mañana,40,900,0,0,45,Activo,Disponible los fines de semana,https://empresa.limpieza.es/fotos/empleados/EMP043.jpg
EMP044,Andrea Ruiz,8280833D,617240050,andrea.ruiz@empresa.limpieza.es,Peón,Parcial,2025-02-06,,CC2,Zona Centro,Partido,40,1000,0,0,0,Activo,En período de prueba,https://empresa.limpieza.es/fotos/empleados/EMP044.jpg
EMP045,Fernanda Colón,5040453P,692374740,fernanda.colón@empresa.limpieza.es,Especialista,Parcial,2026-01-24,,CC4,Zona Este,Rotativo,30,1400,0,0,74,Activo,Disponible los fines de semana,https://empresa.limpieza.es/fotos/empleados/EMP045.jpg
EMP046,Carmen Fernández,9106886D,636959440,carmen.fernández@empresa.limpieza.es,Especialista,Parcial,2023-01-17,,CC1,Zona Centro,Partido,30,1100,0,0,68,Vacaciones,Requiere certificación de altura,https://empresa.limpieza.es/fotos/empleados/EMP046.jpg
EMP047,Luis Colón,5204819V,621047095,luis.colón@empresa.limpieza.es,Oficial,Indefinido,2024-08-27,,CC4,Zona Sur,Tarde,25,1300,117,0,0,Activo,Disponible los fines de semana,https://empresa.limpieza.es/fotos/empleados/EMP047.jpg
EMP048,Marta Méndez,9084065Z,645171236,marta.méndez@empresa.limpieza.es,Peón,Indefinido,2025-03-19,2026-09-19,CC1,Zona Oeste,Noche,30,1400,131,103,0,Activo,Requiere certificación de altura,https://empresa.limpieza.es/fotos/empleados/EMP048.jpg
EMP049,Silvia Fernández,6503032T,631746120,silvia.fernández@empresa.limpieza.es,Encargado,Parcial,2025-10-05,,CC2,Zona Centro,Tarde,35,1500,97,0,0,Activo,Especialista en cristalería,https://empresa.limpieza.es/fotos/empleados/EMP049.jpg
EMP050,Claudia Pérez,2661307P,696405377,claudia.pérez@empresa.limpieza.es,Oficial,Parcial,2023-07-23,,CC3,Zona Centro,Noche,20,1400,85,92,0,Suspendido,Disponible para viajes,https://empresa.limpieza.es/fotos/empleados/EMP050.jpg
EMP051,Antonio Reyes,4558545U,690053293,antonio.reyes@empresa.limpieza.es,Encargado,Prácticas,2024-02-29,,CC2,Zona Este,Tarde,40,800,85,0,0,Vacaciones,Disponible para turnos nocturnos,https://empresa.limpieza.es/fotos/empleados/EMP051.jpg
EMP052,Luz Ramos,5205279Z,621020539,luz.ramos@empresa.limpieza.es,Peón,Indefinido,2023-12-23,,CC2,Zona Industrial,Partido,40,900,0,0,0,Baja,Disponible para viajes,https://empresa.limpieza.es/fotos/empleados/EMP052.jpg
EMP053,Raúl García,9610704S,617839084,raúl.garcía@empresa.limpieza.es,Especialista,Indefinido,2023-05-05,,CC4,Zona Oeste,Mañana,35,1500,0,0,34,Vacaciones,Experiencia en hospitales,https://empresa.limpieza.es/fotos/empleados/EMP053.jpg
EMP054,Pablo Gómez,3117143I,699856984,pablo.gómez@empresa.limpieza.es,Especialista,Prácticas,2026-05-24,,CC1,Zona Industrial,Rotativo,25,1400,0,0,58,Vacaciones,Especialista en cristalería,https://empresa.limpieza.es/fotos/empleados/EMP054.jpg
EMP055,Mateo Hernández,7689582N,615654527,mateo.hernández@empresa.limpieza.es,Encargado,Indefinido,2023-06-24,2024-01-07,CC3,Zona Sur,Rotativo,20,1300,0,0,0,Activo,Especialista en cristalería,https://empresa.limpieza.es/fotos/empleados/EMP055.jpg
EMP056,Daniel Benítez,8095702X,604945198,daniel.benítez@empresa.limpieza.es,Oficial,Temporal,2026-09-06,,CC1,Zona Este,Rotativo,30,900,0,0,0,IT,Requiere certificación de altura,https://empresa.limpieza.es/fotos/empleados/EMP056.jpg
EMP057,Natalia Serrano,1440466T,640244550,natalia.serrano@empresa.limpieza.es,Oficial,Temporal,2026-03-05,,CC1,Zona Sur,Mañana,20,1100,0,0,0,Activo,Disponible para viajes,https://empresa.limpieza.es/fotos/empleados/EMP057.jpg
EMP058,Mateo Torres,7208460J,659910229,mateo.torres@empresa.limpieza.es,Encargado,Indefinido,2024-07-11,,CC4,Zona Oeste,Rotativo,35,1400,0,0,0,Activo,En período de prueba,https://empresa.limpieza.es/fotos/empleados/EMP058.jpg
EMP059,Lucía Martín,2860421J,697840369,lucía.martín@empresa.limpieza.es,Encargado,Indefinido,2024-02-23,,CC2,Zona Sur,Noche,30,1300,65,80,0,Activo,Especialista en cristalería,https://empresa.limpieza.es/fotos/empleados/EMP059.jpg
EMP060,Alberto Romero,7378822R,638851606,alberto.romero@empresa.limpieza.es,Encargado,Fijo Discontinuo,2023-06-09,,CC5,Zona Oeste,Rotativo,35,1400,0,0,0,Activo,Especialista en cristalería,https://empresa.limpieza.es/fotos/empleados/EMP060.jpg
EMP061,Ana Medina,3883553Z,697516136,ana.medina@empresa.limpieza.es,Especialista,Prácticas,2023-06-11,,CC3,Zona Industrial,Noche,25,1300,149,90,34,Activo,En período de prueba,https://empresa.limpieza.es/fotos/empleados/EMP061.jpg
EMP062,Javier Navarro,4253164Y,655231243,javier.navarro@empresa.limpieza.es,Oficial,Prácticas,2023-11-10,,CC1,Zona Sur,Partido,35,1500,0,0,0,Activo,Experiencia en hospitales,https://empresa.limpieza.es/fotos/empleados/EMP062.jpg
EMP063,Javier Navarro,8377995C,677449058,javier.navarro@empresa.limpieza.es,Encargado,Parcial,2025-08-03,,CC1,Zona Este,Noche,20,900,128,118,0,Activo,Disponible para viajes,https://empresa.limpieza.es/fotos/empleados/EMP063.jpg
EMP064,Mateo Martínez,8545279Z,693597820,mateo.martínez@empresa.limpieza.es,Especialista,Indefinido,2024-12-04,,CC1,Zona Centro,Tarde,20,1100,140,0,58,Suspendido,Disponible para turnos nocturnos,https://empresa.limpieza.es/fotos/empleados/EMP064.jpg
EMP065,Paula Rodríguez,5746166M,665905151,paula.rodríguez@empresa.limpieza.es,Especialista,Parcial,2024-05-31,,CC5,Zona Sur,Noche,20,1000,94,99,71,Activo,Especialista en cristalería,https://empresa.limpieza.es/fotos/empleados/EMP065.jpg
EMP066,Luz Rubio,2421349J,686528168,luz.rubio@empresa.limpieza.es,Peón,Indefinido,2025-01-12,,CC2,Zona Este,Partido,25,1100,0,0,0,Suspendido,Disponible para turnos nocturnos,https://empresa.limpieza.es/fotos/empleados/EMP066.jpg
EMP067,Jorge Cruz,2696860Q,688059296,jorge.cruz@empresa.limpieza.es,Oficial,Temporal,2024-01-06,,CC5,Zona Sur,Partido,20,1400,0,0,0,Activo,Requiere certificación de altura,https://empresa.limpieza.es/fotos/empleados/EMP067.jpg
EMP068,Andrea Méndez,5780297Y,673834735,andrea.méndez@empresa.limpieza.es,Especialista,Fijo Discontinuo,2024-07-31,,CC5,Zona Centro,Partido,25,1100,0,0,81,Activo,Disponible los fines de semana,https://empresa.limpieza.es/fotos/empleados/EMP068.jpg
EMP069,Sofía Aguilar,9062973L,681814124,sofía.aguilar@empresa.limpieza.es,Especialista,Prácticas,2023-10-29,,CC1,Zona Sur,Partido,30,800,0,0,56,Activo,Experiencia en hospitales,https://empresa.limpieza.es/fotos/empleados/EMP069.jpg
EMP070,Raúl Fernández,2369112L,630515220,raúl.fernández@empresa.limpieza.es,Peón,Fijo Discontinuo,2023-10-12,,CC4,Zona Oeste,Rotativo,20,900,0,0,0,Activo,Requiere certificación de altura,https://empresa.limpieza.es/fotos/empleados/EMP070.jpg
EMP071,Claudia Gil,9854536N,614341036,claudia.gil@empresa.limpieza.es,Especialista,Indefinido,2023-08-16,,CC4,Zona Centro,Rotativo,20,1100,0,0,75,Activo,Especialista en cristalería,https://empresa.limpieza.es/fotos/empleados/EMP071.jpg
EMP072,María Méndez,6919270H,696218518,maría.méndez@empresa.limpieza.es,Encargado,Fijo Discontinuo,2025-08-20,2026-03-06,CC3,Zona Este,Mañana,30,900,0,0,0,Activo,En período de prueba,https://empresa.limpieza.es/fotos/empleados/EMP072.jpg
EMP073,Rocío Alonso,1743829L,685277221,rocío.alonso@empresa.limpieza.es,Especialista,Indefinido,2024-08-23,,CC2,Zona Norte,Noche,30,1400,119,110,46,Activo,Requiere certificación de altura,https://empresa.limpieza.es/fotos/empleados/EMP073.jpg
EMP074,Iván Diaz,1802018U,654156676,iván.diaz@empresa.limpieza.es,Peón,Temporal,2025-10-13,,CC3,Zona Centro,Noche,20,1400,60,107,0,Activo,Disponible para turnos nocturnos,https://empresa.limpieza.es/fotos/empleados/EMP074.jpg
EMP075,Rocío Cruz,6389033D,615447962,rocío.cruz@empresa.limpieza.es,Especialista,Parcial,2025-07-04,2026-06-30,CC5,Zona Oeste,Noche,20,900,135,120,55,Activo,Disponible para turnos nocturnos,https://empresa.limpieza.es/fotos/empleados/EMP075.jpg
EMP076,Carlos Gutiérrez,8351320B,621355690,carlos.gutiérrez@empresa.limpieza.es,Oficial,Fijo Discontinuo,2025-01-29,,CC1,Zona Centro,Tarde,40,1300,100,0,0,Activo,Disponible los fines de semana,https://empresa.limpieza.es/fotos/empleados/EMP076.jpg
EMP077,Carmen Moreno,1434753X,627868144,carmen.moreno@empresa.limpieza.es,Especialista,Temporal,2026-06-07,,CC4,Zona Sur,Mañana,25,900,0,0,58,Activo,Disponible para viajes,https://empresa.limpieza.es/fotos/empleados/EMP077.jpg
EMP078,Antonio Medina,6361793V,651884422,antonio.medina@empresa.limpieza.es,Peón,Prácticas,2024-04-04,,CC2,Zona Sur,Tarde,35,800,96,0,0,Activo,Experiencia en hospitales,https://empresa.limpieza.es/fotos/empleados/EMP078.jpg
EMP079,Óscar Gil,3177199T,611467866,óscar.gil@empresa.limpieza.es,Encargado,Temporal,2024-10-11,,CC4,Zona Oeste,Rotativo,30,1000,0,0,0,Vacaciones,Disponible para turnos nocturnos,https://empresa.limpieza.es/fotos/empleados/EMP079.jpg
EMP080,Luz Martín,9436654B,618242253,luz.martín@empresa.limpieza.es,Peón,Prácticas,2024-08-04,,CC3,Zona Sur,Rotativo,30,1000,0,0,0,Activo,En período de prueba,https://empresa.limpieza.es/fotos/empleados/EMP080.jpg
EMP081,Noemi Aguilar,3829240S,692299590,noemi.aguilar@empresa.limpieza.es,Encargado,Indefinido,2023-04-04,,CC5,Zona Este,Tarde,40,1400,129,0,0,Activo,Disponible para viajes,https://empresa.limpieza.es/fotos/empleados/EMP081.jpg
EMP082,Rocío Cruz,6068298P,636471027,rocío.cruz@empresa.limpieza.es,Especialista,Fijo Discontinuo,2025-08-09,,CC5,Zona Sur,Noche,30,1300,101,88,78,Activo,En período de prueba,https://empresa.limpieza.es/fotos/empleados/EMP082.jpg
EMP083,Javier Rubio,8826111D,647321046,javier.rubio@empresa.limpieza.es,Especialista,Temporal,2023-11-24,,CC5,Zona Industrial,Noche,25,1000,113,112,59,Activo,Disponible los fines de semana,https://empresa.limpieza.es/fotos/empleados/EMP083.jpg
EMP084,Iván González,2510773M,687339500,iván.gonzález@empresa.limpieza.es,Peón,Fijo Discontinuo,2026-05-08,,CC4,Zona Este,Rotativo,20,900,0,0,0,Activo,Disponible los fines de semana,https://empresa.limpieza.es/fotos/empleados/EMP084.jpg
EMP085,Paula Martínez,7139410B,660983584,paula.martínez@empresa.limpieza.es,Encargado,Fijo Discontinuo,2025-10-29,,CC5,Zona Este,Rotativo,40,900,0,0,0,Activo,En período de prueba,https://empresa.limpieza.es/fotos/empleados/EMP085.jpg
EMP086,Clara Rodríguez,6688907R,652398680,clara.rodríguez@empresa.limpieza.es,Encargado,Indefinido,2023-10-08,,CC4,Zona Centro,Partido,25,1000,0,0,0,Activo,Experiencia en hospitales,https://empresa.limpieza.es/fotos/empleados/EMP086.jpg
EMP087,Roberto López,6020319S,658887947,roberto.lópez@empresa.limpieza.es,Encargado,Parcial,2024-11-09,,CC4,Zona Centro,Noche,20,1500,83,117,0,Activo,,https://empresa.limpieza.es/fotos/empleados/EMP087.jpg
EMP088,Rubén Domínguez,9795159U,696230913,rubén.domínguez@empresa.limpieza.es,Encargado,Fijo Discontinuo,2024-10-04,,CC4,Zona Industrial,Tarde,35,1500,144,0,0,Baja,Disponible para turnos nocturnos,https://empresa.limpieza.es/fotos/empleados/EMP088.jpg
EMP089,Lidia Iglesias,6453426V,678652785,lidia.iglesias@empresa.limpieza.es,Peón,Parcial,2026-06-03,,CC2,Zona Este,Rotativo,30,1100,0,0,0,Suspendido,Disponible los fines de semana,https://empresa.limpieza.es/fotos/empleados/EMP089.jpg
EMP090,Iván Cabrera,4477544W,675758441,iván.cabrera@empresa.limpieza.es,Especialista,Fijo Discontinuo,2024-12-07,,CC2,Zona Este,Mañana,30,900,0,0,52,Suspendido,Disponible los fines de semana,https://empresa.limpieza.es/fotos/empleados/EMP090.jpg
EMP091,Rubén Cano,4390138R,648421993,rubén.cano@empresa.limpieza.es,Oficial,Indefinido,2026-10-03,,CC2,Zona Industrial,Tarde,20,900,102,0,0,Activo,Disponible para viajes,https://empresa.limpieza.es/fotos/empleados/EMP091.jpg
EMP092,Patricia Medina,3306314A,682677345,patricia.medina@empresa.limpieza.es,Peón,Indefinido,2023-07-03,,CC2,Zona Centro,Mañana,25,1400,0,0,0,Vacaciones,Disponible para turnos nocturnos,https://empresa.limpieza.es/fotos/empleados/EMP092.jpg
EMP093,Elena López,9311162F,640049915,elena.lópez@empresa.limpieza.es,Peón,Fijo Discontinuo,2026-08-06,,CC4,Zona Sur,Rotativo,35,1200,0,0,0,Activo,En período de prueba,https://empresa.limpieza.es/fotos/empleados/EMP093.jpg
EMP094,Rocío Torres,8699307U,642054932,rocío.torres@empresa.limpieza.es,Especialista,Fijo Discontinuo,2025-11-21,,CC4,Zona Industrial,Mañana,25,1000,0,0,60,Activo,Requiere certificación de altura,https://empresa.limpieza.es/fotos/empleados/EMP094.jpg
EMP095,María Colón,7435310H,674549904,maría.colón@empresa.limpieza.es,Peón,Temporal,2023-05-08,,CC4,Zona Este,Tarde,35,1200,138,0,0,Activo,Disponible los fines de semana,https://empresa.limpieza.es/fotos/empleados/EMP095.jpg
EMP096,Álvaro Méndez,4705235H,627279568,álvaro.méndez@empresa.limpieza.es,Especialista,Prácticas,2026-09-22,,CC2,Zona Industrial,Rotativo,20,1500,0,0,63,Baja,En período de prueba,https://empresa.limpieza.es/fotos/empleados/EMP096.jpg
EMP097,Sara Pérez,9480665G,698225871,sara.pérez@empresa.limpieza.es,Oficial,Prácticas,2025-09-28,2026-06-16,CC4,Zona Norte,Partido,25,1400,0,0,0,Activo,,https://empresa.limpieza.es/fotos/empleados/EMP097.jpg
EMP098,Óscar Cortés,6170227X,606403910,óscar.cortés@empresa.limpieza.es,Especialista,Parcial,2023-05-11,,CC1,Zona Norte,Partido,20,1200,0,0,56,Activo,Disponible para turnos nocturnos,https://empresa.limpieza.es/fotos/empleados/EMP098.jpg
EMP099,Sergio Rodríguez,7416943O,666182512,sergio.rodríguez@empresa.limpieza.es,Especialista,Prácticas,2023-09-18,,CC2,Zona Norte,Mañana,30,1500,0,0,73,Baja,Especialista en cristalería,https://empresa.limpieza.es/fotos/empleados/EMP099.jpg
EMP100,Andrea González,4853123H,675243106,andrea.gonzález@empresa.limpieza.es,Encargado,Temporal,2024-02-27,2024-05-05,CC4,Zona Centro,Mañana,25,800,0,0,0,Activo,Requiere certificación de altura,https://empresa.limpieza.es/fotos/empleados/EMP100.jpg
EMP101,Rocío Cano,1946973E,684395995,rocío.cano@empresa.limpieza.es,Oficial,Parcial,2023-10-21,,CC5,Zona Sur,Partido,30,1200,0,0,0,Activo,Disponible para turnos nocturnos,https://empresa.limpieza.es/fotos/empleados/EMP101.jpg
EMP102,Natalia Serrano,9315137B,656856624,natalia.serrano@empresa.limpieza.es,Especialista,Temporal,2026-01-06,,CC2,Zona Este,Tarde,35,800,121,0,56,Suspendido,Disponible para turnos nocturnos,https://empresa.limpieza.es/fotos/empleados/EMP102.jpg
EMP103,Ricardo Soto,5278117G,651751830,ricardo.soto@empresa.limpieza.es,Peón,Fijo Discontinuo,2026-05-23,,CC1,Zona Sur,Rotativo,40,1100,0,0,0,Activo,Experiencia en hospitales,https://empresa.limpieza.es/fotos/empleados/EMP103.jpg
EMP104,Víctor Rodríguez,4553544G,617393638,víctor.rodríguez@empresa.limpieza.es,Peón,Parcial,2025-02-18,,CC3,Zona Este,Noche,30,1500,109,86,0,Vacaciones,Disponible para viajes,https://empresa.limpieza.es/fotos/empleados/EMP104.jpg
EMP105,Javier Iglesias,7219396K,660932048,javier.iglesias@empresa.limpieza.es,Especialista,Parcial,2023-11-09,,CC2,Zona Oeste,Rotativo,25,1500,0,0,65,Activo,Experiencia en hospitales,https://empresa.limpieza.es/fotos/empleados/EMP105.jpg
EMP106,Óscar Romero,9230828O,625228728,óscar.romero@empresa.limpieza.es,Encargado,Prácticas,2023-03-11,,CC1,Zona Industrial,Mañana,20,1400,0,0,0,Activo,Requiere certificación de altura,https://empresa.limpieza.es/fotos/empleados/EMP106.jpg
EMP107,Laura Cabrera,3533857A,638750997,laura.cabrera@empresa.limpieza.es,Especialista,Indefinido,2023-01-14,,CC4,Zona Norte,Mañana,40,1200,0,0,64,Suspendido,,https://empresa.limpieza.es/fotos/empleados/EMP107.jpg
EMP108,Noemi Fuentes,8223819Z,621182339,noemi.fuentes@empresa.limpieza.es,Peón,Parcial,2024-07-01,,CC1,Zona Este,Partido,35,1100,0,0,0,Suspendido,Requiere certificación de altura,https://empresa.limpieza.es/fotos/empleados/EMP108.jpg
EMP109,Víctor Medina,2352527U,601666870,víctor.medina@empresa.limpieza.es,Encargado,Temporal,2023-06-19,,CC4,Zona Industrial,Noche,40,900,117,82,0,Activo,Disponible para viajes,https://empresa.limpieza.es/fotos/empleados/EMP109.jpg
EMP110,Rubén Martínez,2247353V,648902503,rubén.martínez@empresa.limpieza.es,Oficial,Fijo Discontinuo,2023-06-07,,CC5,Zona Sur,Rotativo,35,1300,0,0,0,Activo,Disponible para turnos nocturnos,https://empresa.limpieza.es/fotos/empleados/EMP110.jpg
EMP111,Isabel Gutiérrez,6802559B,616315999,isabel.gutiérrez@empresa.limpieza.es,Especialista,Parcial,2023-03-02,,CC4,Zona Oeste,Tarde,30,1400,105,0,41,Activo,Especialista en cristalería,https://empresa.limpieza.es/fotos/empleados/EMP111.jpg
EMP112,Isabel Colón,5955645Z,631142626,isabel.colón@empresa.limpieza.es,Peón,Parcial,2023-08-07,2025-04-29,CC4,Zona Este,Noche,20,1000,61,91,0,Activo,Especialista en cristalería,https://empresa.limpieza.es/fotos/empleados/EMP112.jpg
EMP113,Francisco Fernández,2503554L,681995604,francisco.fernández@empresa.limpieza.es,Especialista,Fijo Discontinuo,2023-06-23,,CC5,Zona Sur,Rotativo,40,1000,0,0,73,Activo,Disponible para turnos nocturnos,https://empresa.limpieza.es/fotos/empleados/EMP113.jpg
EMP114,Rubén Reyes,5503118P,621264647,rubén.reyes@empresa.limpieza.es,Encargado,Parcial,2024-05-30,,CC4,Zona Centro,Rotativo,25,1500,0,0,0,Activo,Disponible los fines de semana,https://empresa.limpieza.es/fotos/empleados/EMP114.jpg
EMP115,María López,6573679T,665756924,maría.lópez@empresa.limpieza.es,Peón,Prácticas,2024-02-16,,CC2,Zona Oeste,Noche,30,1500,123,95,0,Activo,Disponible los fines de semana,https://empresa.limpieza.es/fotos/empleados/EMP115.jpg
EMP116,Clara García,2910720S,639828073,clara.garcía@empresa.limpieza.es,Especialista,Parcial,2023-05-22,,CC4,Zona Industrial,Partido,25,1200,0,0,45,Activo,Disponible para turnos nocturnos,https://empresa.limpieza.es/fotos/empleados/EMP116.jpg
EMP117,Natalia González,2240929O,697968868,natalia.gonzález@empresa.limpieza.es,Encargado,Parcial,2026-01-04,,CC1,Zona Norte,Tarde,30,1000,132,0,0,Activo,Especialista en cristalería,https://empresa.limpieza.es/fotos/empleados/EMP117.jpg
EMP118,Rocío Martín,2777454A,614388899,rocío.martín@empresa.limpieza.es,Oficial,Fijo Discontinuo,2025-02-05,,CC5,Zona Industrial,Rotativo,25,1300,0,0,0,Suspendido,Disponible para viajes,https://empresa.limpieza.es/fotos/empleados/EMP118.jpg
EMP119,Francisco Cruz,7978909C,612545738,francisco.cruz@empresa.limpieza.es,Especialista,Parcial,2025-09-02,2026-09-06,CC4,Zona Este,Mañana,30,800,0,0,81,Baja,,https://empresa.limpieza.es/fotos/empleados/EMP119.jpg
EMP120,Mateo Aguilar,2834801V,623828258,mateo.aguilar@empresa.limpieza.es,Especialista,Fijo Discontinuo,2024-04-19,,CC2,Zona Sur,Partido,35,800,0,0,77,Activo,Requiere certificación de altura,https://empresa.limpieza.es/fotos/empleados/EMP120.jpg
EMP121,Raúl Ortega,8206700M,603341918,raúl.ortega@empresa.limpieza.es,Oficial,Parcial,2024-10-29,,CC1,Zona Este,Partido,40,1300,0,0,0,Activo,Especialista en cristalería,https://empresa.limpieza.es/fotos/empleados/EMP121.jpg
EMP122,Sara Cabrera,6905327O,692499125,sara.cabrera@empresa.limpieza.es,Encargado,Temporal,2024-09-17,,CC3,Zona Industrial,Tarde,40,1400,103,0,0,Activo,Especialista en cristalería,https://empresa.limpieza.es/fotos/empleados/EMP122.jpg
EMP123,Natalia Ramos,9164971U,682827422,natalia.ramos@empresa.limpieza.es,Peón,Fijo Discontinuo,2026-06-22,2026-09-21,CC1,Zona Oeste,Tarde,25,1400,121,0,0,Activo,Disponible para viajes,https://empresa.limpieza.es/fotos/empleados/EMP123.jpg
EMP124,Victoria Medina,9249791N,677219034,victoria.medina@empresa.limpieza.es,Encargado,Parcial,2024-04-05,,CC2,Zona Oeste,Rotativo,35,900,0,0,0,Activo,Disponible los fines de semana,https://empresa.limpieza.es/fotos/empleados/EMP124.jpg
EMP125,Rocío García,1698108Y,678361340,rocío.garcía@empresa.limpieza.es,Especialista,Parcial,2024-12-14,,CC1,Zona Oeste,Mañana,25,1100,0,0,81,Baja,Experiencia en hospitales,https://empresa.limpieza.es/fotos/empleados/EMP125.jpg
EMP126,Natalia Domínguez,3335975Z,633095849,natalia.domínguez@empresa.limpieza.es,Oficial,Parcial,2024-08-22,,CC3,Zona Centro,Mañana,25,1400,0,0,0,Suspendido,Disponible los fines de semana,https://empresa.limpieza.es/fotos/empleados/EMP126.jpg
EMP127,Luz Fuentes,3226183H,625367294,luz.fuentes@empresa.limpieza.es,Especialista,Fijo Discontinuo,2025-07-14,2025-10-17,CC4,Zona Centro,Noche,30,1500,112,100,67,Activo,En período de prueba,https://empresa.limpieza.es/fotos/empleados/EMP127.jpg
EMP128,Carmen Delgado,7009980C,686363745,carmen.delgado@empresa.limpieza.es,Peón,Parcial,2026-01-25,,CC5,Zona Oeste,Noche,20,800,62,120,0,IT,Disponible para viajes,https://empresa.limpieza.es/fotos/empleados/EMP128.jpg
EMP129,Ana Álvarez,3650523O,670632424,ana.álvarez@empresa.limpieza.es,Encargado,Parcial,2024-05-27,2026-04-07,CC2,Zona Norte,Partido,30,1100,0,0,0,Activo,En período de prueba,https://empresa.limpieza.es/fotos/empleados/EMP129.jpg
EMP130,Patricia García,4580613P,612938700,patricia.garcía@empresa.limpieza.es,Peón,Indefinido,2025-05-14,,CC4,Zona Norte,Tarde,35,900,143,0,0,Vacaciones,En período de prueba,https://empresa.limpieza.es/fotos/empleados/EMP130.jpg
EMP131,Javier Rodríguez,6020671E,662218909,javier.rodríguez@empresa.limpieza.es,Oficial,Fijo Discontinuo,2024-12-20,,CC2,Zona Oeste,Rotativo,35,1100,0,0,0,Activo,En período de prueba,https://empresa.limpieza.es/fotos/empleados/EMP131.jpg
EMP132,Rosa Álvarez,7442986L,665234138,rosa.álvarez@empresa.limpieza.es,Peón,Indefinido,2026-09-10,,CC2,Zona Centro,Rotativo,40,1100,0,0,0,Baja,Disponible los fines de semana,https://empresa.limpieza.es/fotos/empleados/EMP132.jpg
EMP133,Sofía Rubio,9302838M,613791805,sofía.rubio@empresa.limpieza.es,Peón,Temporal,2025-03-03,,CC5,Zona Oeste,Noche,40,1000,147,110,0,Suspendido,En período de prueba,https://empresa.limpieza.es/fotos/empleados/EMP133.jpg
EMP134,Ana Ortega,2133008A,643006848,ana.ortega@empresa.limpieza.es,Especialista,Fijo Discontinuo,2025-04-03,2026-10-04,CC5,Zona Centro,Tarde,30,900,89,0,35,Activo,Requiere certificación de altura,https://empresa.limpieza.es/fotos/empleados/EMP134.jpg
EMP135,Claudia Vázquez,6481960M,691463031,claudia.vázquez@empresa.limpieza.es,Especialista,Indefinido,2025-07-17,,CC1,Zona Este,Tarde,20,800,140,0,38,Baja,Disponible para turnos nocturnos,https://empresa.limpieza.es/fotos/empleados/EMP135.jpg
EMP136,Iván Cabrera,9774573Q,642524105,iván.cabrera@empresa.limpieza.es,Especialista,Parcial,2025-12-08,2026-12-07,CC5,Zona Industrial,Mañana,35,1500,0,0,62,Activo,Disponible para viajes,https://empresa.limpieza.es/fotos/empleados/EMP136.jpg
EMP137,Marta Rodríguez,3639223I,619138000,marta.rodríguez@empresa.limpieza.es,Oficial,Indefinido,2025-08-24,,CC2,Zona Sur,Mañana,40,1400,0,0,0,Activo,Requiere certificación de altura,https://empresa.limpieza.es/fotos/empleados/EMP137.jpg
EMP138,Sergio Cortés,5550953C,695180238,sergio.cortés@empresa.limpieza.es,Encargado,Fijo Discontinuo,2023-05-22,,CC3,Zona Este,Noche,20,1500,51,103,0,Activo,Disponible los fines de semana,https://empresa.limpieza.es/fotos/empleados/EMP138.jpg
EMP139,Carmen Díaz,7178606S,673832060,carmen.díaz@empresa.limpieza.es,Oficial,Prácticas,2024-12-10,,CC1,Zona Este,Mañana,35,1200,0,0,0,Activo,Requiere certificación de altura,https://empresa.limpieza.es/fotos/empleados/EMP139.jpg
EMP140,Sergio Romero,2004872E,641038657,sergio.romero@empresa.limpieza.es,Encargado,Prácticas,2023-07-15,,CC4,Zona Norte,Rotativo,40,800,0,0,0,Activo,Disponible para turnos nocturnos,https://empresa.limpieza.es/fotos/empleados/EMP140.jpg
EMP141,Raúl Cruz,5378701K,665574313,raúl.cruz@empresa.limpieza.es,Oficial,Prácticas,2023-08-12,,CC2,Zona Oeste,Partido,30,1400,0,0,0,Activo,Experiencia en hospitales,https://empresa.limpieza.es/fotos/empleados/EMP141.jpg
EMP142,Sergio Ruiz,6172545O,641124903,sergio.ruiz@empresa.limpieza.es,Peón,Temporal,2023-07-06,,CC3,Zona Oeste,Rotativo,20,1200,0,0,0,Activo,Disponible para turnos nocturnos,https://empresa.limpieza.es/fotos/empleados/EMP142.jpg
EMP143,Carlos Martínez,8586676R,683171210,carlos.martínez@empresa.limpieza.es,Encargado,Temporal,2023-09-25,,CC4,Zona Este,Mañana,40,1200,0,0,0,Suspendido,En período de prueba,https://empresa.limpieza.es/fotos/empleados/EMP143.jpg
EMP144,Ana Gómez,4317700U,672151070,ana.gómez@empresa.limpieza.es,Oficial,Prácticas,2025-06-06,,CC4,Zona Oeste,Mañana,35,1400,0,0,0,Activo,Requiere certificación de altura,https://empresa.limpieza.es/fotos/empleados/EMP144.jpg
EMP145,María José Delgado,5695180O,620999347,maría josé.delgado@empresa.limpieza.es,Especialista,Prácticas,2025-09-08,2026-01-29,CC4,Zona Sur,Partido,25,1100,0,0,70,Suspendido,,https://empresa.limpieza.es/fotos/empleados/EMP145.jpg
EMP146,Fernanda Diaz,7024901P,687598564,fernanda.diaz@empresa.limpieza.es,Oficial,Indefinido,2024-10-15,,CC1,Zona Este,Mañana,35,1300,0,0,0,IT,Requiere certificación de altura,https://empresa.limpieza.es/fotos/empleados/EMP146.jpg
EMP147,Roberto Hernández,5158351V,634803965,roberto.hernández@empresa.limpieza.es,Oficial,Temporal,2024-04-29,,CC3,Zona Centro,Mañana,30,1000,0,0,0,Activo,Requiere certificación de altura,https://empresa.limpieza.es/fotos/empleados/EMP147.jpg
EMP148,Iván Ramos,6185050F,670103930,iván.ramos@empresa.limpieza.es,Especialista,Indefinido,2024-11-10,,CC2,Zona Sur,Noche,25,1300,57,81,39,Activo,Disponible para turnos nocturnos,https://empresa.limpieza.es/fotos/empleados/EMP148.jpg
EMP149,Sara Domínguez,7121835C,656915452,sara.domínguez@empresa.limpieza.es,Oficial,Fijo Discontinuo,2026-08-02,,CC3,Zona Sur,Rotativo,40,1300,0,0,0,Activo,Disponible para turnos nocturnos,https://empresa.limpieza.es/fotos/empleados/EMP149.jpg
EMP150,Fernanda Benítez,5941179E,620969029,fernanda.benítez@empresa.limpieza.es,Peón,Prácticas,2024-03-28,,CC1,Zona Oeste,Tarde,30,900,80,0,0,Activo,Experiencia en hospitales,https://empresa.limpieza.es/fotos/empleados/EMP150.jpg
EMP151,Marta Delgado,2488575W,657043315,marta.delgado@empresa.limpieza.es,Peón,Indefinido,2023-01-03,2025-06-18,CC4,Zona Sur,Partido,35,1400,0,0,0,Activo,Especialista en cristalería,https://empresa.limpieza.es/fotos/empleados/EMP151.jpg
EMP152,Patricia Álvarez,4784650F,671040541,patricia.álvarez@empresa.limpieza.es,Encargado,Parcial,2023-12-15,,CC2,Zona Industrial,Mañana,40,900,0,0,0,Activo,Disponible para viajes,https://empresa.limpieza.es/fotos/empleados/EMP152.jpg
EMP153,Carlos Martín,3768193T,662015336,carlos.martín@empresa.limpieza.es,Peón,Parcial,2024-09-01,,CC1,Zona Oeste,Rotativo,40,1500,0,0,0,Activo,Experiencia en hospitales,https://empresa.limpieza.es/fotos/empleados/EMP153.jpg
EMP154,María Gómez,2470159J,697310324,maría.gómez@empresa.limpieza.es,Encargado,Fijo Discontinuo,2023-08-25,,CC4,Zona Oeste,Partido,30,900,0,0,0,Activo,Especialista en cristalería,https://empresa.limpieza.es/fotos/empleados/EMP154.jpg
EMP155,María José Rodríguez,7399588L,627047743,maría josé.rodríguez@empresa.limpieza.es,Peón,Prácticas,2023-05-07,,CC1,Zona Norte,Noche,40,1400,146,117,0,Activo,,https://empresa.limpieza.es/fotos/empleados/EMP155.jpg
EMP156,Ricardo Torres,8023480R,679374160,ricardo.torres@empresa.limpieza.es,Oficial,Indefinido,2025-07-08,,CC2,Zona Sur,Tarde,25,800,104,0,0,Activo,Especialista en cristalería,https://empresa.limpieza.es/fotos/empleados/EMP156.jpg
EMP157,Carmen Guerrero,3480985T,645116868,carmen.guerrero@empresa.limpieza.es,Peón,Parcial,2025-11-30,,CC1,Zona Industrial,Rotativo,40,1400,0,0,0,Activo,Disponible para turnos nocturnos,https://empresa.limpieza.es/fotos/empleados/EMP157.jpg
EMP158,Pablo Iglesias,2681144D,691485646,pablo.iglesias@empresa.limpieza.es,Especialista,Prácticas,2026-06-01,,CC2,Zona Este,Partido,25,1400,0,0,32,Activo,Experiencia en hospitales,https://empresa.limpieza.es/fotos/empleados/EMP158.jpg
EMP159,Raúl Sánchez,8972838I,650544471,raúl.sánchez@empresa.limpieza.es,Oficial,Temporal,2024-09-07,,CC4,Zona Este,Noche,35,900,74,108,0,Activo,Especialista en cristalería,https://empresa.limpieza.es/fotos/empleados/EMP159.jpg
EMP160,Marta Torres,7273172B,682148628,marta.torres@empresa.limpieza.es,Encargado,Temporal,2024-01-30,,CC2,Zona Norte,Tarde,20,1500,56,0,0,Suspendido,Requiere certificación de altura,https://empresa.limpieza.es/fotos/empleados/EMP160.jpg
EMP161,Marta Rodríguez,8788293Q,661035797,marta.rodríguez@empresa.limpieza.es,Oficial,Fijo Discontinuo,2026-04-16,,CC3,Zona Sur,Noche,20,1200,53,104,0,Activo,Requiere certificación de altura,https://empresa.limpieza.es/fotos/empleados/EMP161.jpg
EMP162,Gabriel Aguilar,4776753V,634680072,gabriel.aguilar@empresa.limpieza.es,Oficial,Prácticas,2023-01-18,,CC5,Zona Este,Noche,35,1400,94,109,0,Activo,Disponible para viajes,https://empresa.limpieza.es/fotos/empleados/EMP162.jpg
EMP163,Víctor Cortés,9734854T,669108589,víctor.cortés@empresa.limpieza.es,Peón,Parcial,2023-08-10,,CC3,Zona Este,Noche,30,1200,133,99,0,Activo,Requiere certificación de altura,https://empresa.limpieza.es/fotos/empleados/EMP163.jpg
EMP164,Miguel Rubio,7779646V,652074466,miguel.rubio@empresa.limpieza.es,Especialista,Indefinido,2026-04-09,,CC5,Zona Sur,Noche,25,1500,135,102,62,Activo,Disponible para turnos nocturnos,https://empresa.limpieza.es/fotos/empleados/EMP164.jpg
EMP165,María José Cruz,2637507P,624825135,maría josé.cruz@empresa.limpieza.es,Oficial,Parcial,2025-05-11,,CC3,Zona Este,Noche,40,1200,109,87,0,Activo,En período de prueba,https://empresa.limpieza.es/fotos/empleados/EMP165.jpg
EMP166,Silvia Gil,9396617D,668460223,silvia.gil@empresa.limpieza.es,Peón,Fijo Discontinuo,2026-03-12,,CC4,Zona Sur,Noche,25,900,112,101,0,Activo,Disponible para turnos nocturnos,https://empresa.limpieza.es/fotos/empleados/EMP166.jpg
EMP167,Javier Delgado,1973306A,674329271,javier.delgado@empresa.limpieza.es,Oficial,Prácticas,2025-06-07,,CC4,Zona Oeste,Partido,35,800,0,0,0,Activo,Requiere certificación de altura,https://empresa.limpieza.es/fotos/empleados/EMP167.jpg
EMP168,Álvaro Rodríguez,6405839Y,683003354,álvaro.rodríguez@empresa.limpieza.es,Oficial,Indefinido,2025-02-24,,CC3,Zona Sur,Mañana,20,1200,0,0,0,Suspendido,Disponible para viajes,https://empresa.limpieza.es/fotos/empleados/EMP168.jpg
EMP169,Lidia Rubio,9793234K,662575326,lidia.rubio@empresa.limpieza.es,Encargado,Temporal,2024-04-04,,CC2,Zona Sur,Mañana,40,1000,0,0,0,Activo,,https://empresa.limpieza.es/fotos/empleados/EMP169.jpg
EMP170,Fernanda Delgado,5291430Y,689090100,fernanda.delgado@empresa.limpieza.es,Encargado,Fijo Discontinuo,2025-06-28,,CC5,Zona Este,Partido,25,1100,0,0,0,Activo,,https://empresa.limpieza.es/fotos/empleados/EMP170.jpg
EMP171,Víctor Pérez,2694160V,684992618,víctor.pérez@empresa.limpieza.es,Encargado,Parcial,2023-08-22,,CC4,Zona Sur,Rotativo,25,1200,0,0,0,Vacaciones,Requiere certificación de altura,https://empresa.limpieza.es/fotos/empleados/EMP171.jpg
EMP172,Daniel Cabrera,7874568J,620873753,daniel.cabrera@empresa.limpieza.es,Encargado,Indefinido,2023-07-02,,CC5,Zona Industrial,Partido,25,900,0,0,0,IT,En período de prueba,https://empresa.limpieza.es/fotos/empleados/EMP172.jpg
EMP173,Patricia Méndez,4878226O,644701204,patricia.méndez@empresa.limpieza.es,Peón,Parcial,2025-05-22,,CC1,Zona Norte,Mañana,25,1000,0,0,0,Activo,Disponible para viajes,https://empresa.limpieza.es/fotos/empleados/EMP173.jpg
EMP174,Rubén Ruiz,7251562K,621667467,rubén.ruiz@empresa.limpieza.es,Especialista,Temporal,2023-08-20,,CC1,Zona Sur,Mañana,35,1500,0,0,81,Activo,Disponible para viajes,https://empresa.limpieza.es/fotos/empleados/EMP174.jpg
EMP175,María José Méndez,7371160Y,659027716,maría josé.méndez@empresa.limpieza.es,Especialista,Indefinido,2023-05-10,,CC3,Zona Norte,Rotativo,40,1100,0,0,72,Vacaciones,En período de prueba,https://empresa.limpieza.es/fotos/empleados/EMP175.jpg
EMP176,Gabriel Reyes,5170429P,656289002,gabriel.reyes@empresa.limpieza.es,Especialista,Fijo Discontinuo,2023-12-05,2026-09-06,CC3,Zona Sur,Noche,30,800,114,94,65,Activo,Especialista en cristalería,https://empresa.limpieza.es/fotos/empleados/EMP176.jpg
EMP177,Raúl Jiménez,8702329O,697177517,raúl.jiménez@empresa.limpieza.es,Encargado,Indefinido,2025-04-06,,CC5,Zona Centro,Mañana,20,1200,0,0,0,Vacaciones,Requiere certificación de altura,https://empresa.limpieza.es/fotos/empleados/EMP177.jpg
EMP178,Carmen Fuentes,7095875B,637589975,carmen.fuentes@empresa.limpieza.es,Especialista,Indefinido,2023-07-19,,CC2,Zona Norte,Noche,30,1200,120,113,53,Baja,,https://empresa.limpieza.es/fotos/empleados/EMP178.jpg
EMP179,Marta Alonso,3356346W,661493316,marta.alonso@empresa.limpieza.es,Oficial,Fijo Discontinuo,2024-01-26,,CC1,Zona Oeste,Mañana,40,900,0,0,0,IT,Disponible para viajes,https://empresa.limpieza.es/fotos/empleados/EMP179.jpg
EMP180,Carmen Reyes,9459031E,670808697,carmen.reyes@empresa.limpieza.es,Oficial,Prácticas,2023-12-22,,CC2,Zona Norte,Partido,40,1300,0,0,0,Activo,Especialista en cristalería,https://empresa.limpieza.es/fotos/empleados/EMP180.jpg
EMP181,Sergio Soto,5164755I,665472269,sergio.soto@empresa.limpieza.es,Peón,Prácticas,2024-10-04,,CC5,Zona Industrial,Tarde,25,1100,129,0,0,Baja,Experiencia en hospitales,https://empresa.limpieza.es/fotos/empleados/EMP181.jpg
EMP182,Luz Cabrera,3983202Q,685158799,luz.cabrera@empresa.limpieza.es,Especialista,Prácticas,2024-08-08,,CC4,Zona Norte,Rotativo,20,800,0,0,54,Activo,,https://empresa.limpieza.es/fotos/empleados/EMP182.jpg
EMP183,Carmen Guerrero,3700047J,642043805,carmen.guerrero@empresa.limpieza.es,Especialista,Indefinido,2026-06-15,,CC5,Zona Sur,Rotativo,35,1100,0,0,62,IT,Disponible los fines de semana,https://empresa.limpieza.es/fotos/empleados/EMP183.jpg
EMP184,Sofía González,7502088N,658004397,sofía.gonzález@empresa.limpieza.es,Oficial,Parcial,2026-04-20,,CC5,Zona Sur,Tarde,30,1500,72,0,0,Suspendido,En período de prueba,https://empresa.limpieza.es/fotos/empleados/EMP184.jpg
EMP185,María José Vázquez,9620919D,660648422,maría josé.vázquez@empresa.limpieza.es,Peón,Indefinido,2024-11-07,,CC2,Zona Norte,Tarde,30,800,149,0,0,Suspendido,Disponible los fines de semana,https://empresa.limpieza.es/fotos/empleados/EMP185.jpg
EMP186,Marta Cano,7007679C,658328182,marta.cano@empresa.limpieza.es,Especialista,Prácticas,2026-01-04,,CC3,Zona Sur,Tarde,30,1300,96,0,48,Activo,Disponible para viajes,https://empresa.limpieza.es/fotos/empleados/EMP186.jpg
EMP187,Juan Moreno,6805039O,639930561,juan.moreno@empresa.limpieza.es,Especialista,Parcial,2026-01-11,,CC1,Zona Centro,Noche,40,1500,112,82,48,Vacaciones,Requiere certificación de altura,https://empresa.limpieza.es/fotos/empleados/EMP187.jpg
EMP188,Andrea Navarro,2381527D,628801336,andrea.navarro@empresa.limpieza.es,Encargado,Temporal,2026-01-06,,CC4,Zona Industrial,Mañana,25,800,0,0,0,Activo,Experiencia en hospitales,https://empresa.limpieza.es/fotos/empleados/EMP188.jpg
EMP189,Elena Ruiz,2228898B,624819346,elena.ruiz@empresa.limpieza.es,Especialista,Fijo Discontinuo,2026-07-14,,CC3,Zona Norte,Partido,20,800,0,0,71,Baja,En período de prueba,https://empresa.limpieza.es/fotos/empleados/EMP189.jpg
EMP190,David Fuentes,2217848L,681449147,david.fuentes@empresa.limpieza.es,Especialista,Fijo Discontinuo,2026-09-15,2026-10-05,CC5,Zona Sur,Tarde,35,1200,131,0,39,Activo,Experiencia en hospitales,https://empresa.limpieza.es/fotos/empleados/EMP190.jpg
EMP191,Juan Gil,3371859D,600996881,juan.gil@empresa.limpieza.es,Peón,Temporal,2024-12-05,,CC5,Zona Sur,Tarde,25,1100,128,0,0,Vacaciones,Requiere certificación de altura,https://empresa.limpieza.es/fotos/empleados/EMP191.jpg
EMP192,Sara Ramos,1912484Y,687814141,sara.ramos@empresa.limpieza.es,Oficial,Prácticas,2025-09-24,,CC3,Zona Sur,Tarde,20,1200,129,0,0,Activo,Requiere certificación de altura,https://empresa.limpieza.es/fotos/empleados/EMP192.jpg
EMP193,Javier Romero,8560584K,694929955,javier.romero@empresa.limpieza.es,Especialista,Temporal,2023-01-10,,CC2,Zona Industrial,Partido,30,1300,0,0,38,Activo,Experiencia en hospitales,https://empresa.limpieza.es/fotos/empleados/EMP193.jpg
EMP194,Rubén Díaz,8471866L,647812914,rubén.díaz@empresa.limpieza.es,Oficial,Prácticas,2024-02-07,,CC1,Zona Industrial,Mañana,20,800,0,0,0,Vacaciones,Especialista en cristalería,https://empresa.limpieza.es/fotos/empleados/EMP194.jpg
EMP195,Natalia López,5372416R,687256394,natalia.lópez@empresa.limpieza.es,Oficial,Fijo Discontinuo,2025-10-23,,CC4,Zona Este,Rotativo,20,1100,0,0,0,Vacaciones,Disponible para turnos nocturnos,https://empresa.limpieza.es/fotos/empleados/EMP195.jpg
EMP196,Víctor Alonso,8486336F,629927503,víctor.alonso@empresa.limpieza.es,Especialista,Temporal,2023-05-09,,CC2,Zona Norte,Tarde,40,1300,99,0,60,Suspendido,,https://empresa.limpieza.es/fotos/empleados/EMP196.jpg
EMP197,David Cruz,6437011D,684498926,david.cruz@empresa.limpieza.es,Especialista,Parcial,2026-04-18,,CC1,Zona Centro,Noche,35,1100,116,105,52,Vacaciones,Experiencia en hospitales,https://empresa.limpieza.es/fotos/empleados/EMP197.jpg
EMP198,Marta Álvarez,1110690Q,627231843,marta.álvarez@empresa.limpieza.es,Oficial,Temporal,2023-11-19,,CC1,Zona Industrial,Tarde,35,1300,142,0,0,Activo,Disponible para viajes,https://empresa.limpieza.es/fotos/empleados/EMP198.jpg
EMP199,Rubén Iglesias,3705263U,660302992,rubén.iglesias@empresa.limpieza.es,Oficial,Prácticas,2023-03-22,,CC2,Zona Norte,Tarde,30,1000,116,0,0,Suspendido,,https://empresa.limpieza.es/fotos/empleados/EMP199.jpg
EMP200,Iván Jiménez,4633834O,697723692,iván.jiménez@empresa.limpieza.es,Oficial,Prácticas,2026-09-12,,CC2,Zona Industrial,Noche,35,900,79,104,0,Activo,En período de prueba,https://empresa.limpieza.es/fotos/empleados/EMP200.jpg